{
  "parameters": {
    "Pr": 10.0,
    "b": 2.6666666666666665,
    "dt": 0.005,
    "t_stop": 50.0,
    "initial_condition": [
      0.0,
      0.5,
      0.5
    ],
    "perturbed_initial_condition": [
      0.0,
      0.5,
      0.50001
    ]
  },
  "cases": {
    "2.0": {
      "final_state": [
        1.6329931618554603,
        1.6329931618554625,
        1.0000000000000033
      ],
      "t1_mean_last_10_time_units": 1.632993161855463,
      "t1_std_last_10_time_units": 4.440892098500626e-16,
      "t2_std_last_10_time_units": 0.0,
      "tail_std_w": 4.440892098500626e-16,
      "tail_std_t1": 6.661338147750939e-16,
      "tail_std_t2": 0.0,
      "min_distance_nonzero_fixed_point": 1.3281905734119964e-14,
      "w_min": 0.0,
      "w_max": 1.7086800061173084,
      "t1_min": 0.47967330362335936,
      "t1_max": 1.7109118133799923,
      "t2_min": 0.17439311563967294,
      "t2_max": 1.059274498846133
    },
    "10.0": {
      "final_state": [
        4.898979485566679,
        4.898979485566181,
        9.000000000001258
      ],
      "t1_mean_last_10_time_units": 4.898979485564057,
      "t1_std_last_10_time_units": 7.755290261888455e-11,
      "t2_std_last_10_time_units": 9.936706683414374e-11,
      "tail_std_w": 6.964208577158006e-11,
      "tail_std_t1": 7.717789162075729e-11,
      "tail_std_t2": 9.935193700372009e-11,
      "min_distance_nonzero_fixed_point": 1.3102847433087612e-12,
      "w_min": 0.0,
      "w_max": 8.608213553373309,
      "t1_min": 0.4973112027086576,
      "t1_max": 9.657388514609666,
      "t2_min": 0.3345959256837233,
      "t2_max": 14.29475038919858
    },
    "24.0": {
      "final_state": [
        -5.796080987859434,
        -7.294229154372634,
        17.94990577366664
      ],
      "t1_mean_last_10_time_units": -7.4337961492691,
      "t1_std_last_10_time_units": 2.5573683596801176,
      "t2_std_last_10_time_units": 3.3157095442743656,
      "tail_std_w": 1.881713748105709,
      "tail_std_t1": 2.5575079646102283,
      "tail_std_t2": 3.3152320416298915,
      "min_distance_nonzero_fixed_point": 3.580333514966683,
      "w_min": -10.508225186481086,
      "w_max": 17.56635683362113,
      "t1_min": -11.698395606128722,
      "t1_max": 23.532733403071315,
      "t2_min": 0.3809237185649207,
      "t2_max": 40.54703265608636
    },
    "25.0": {
      "final_state": [
        10.240164799142857,
        16.085314238182754,
        17.568341049889433
      ],
      "t1_mean_last_10_time_units": -5.0993403744845045,
      "t1_std_last_10_time_units": 6.535344304859812,
      "t2_std_last_10_time_units": 6.93352975118494,
      "tail_std_w": 5.382820527259079,
      "tail_std_t1": 6.536226128010097,
      "tail_std_t2": 6.934827356838287,
      "min_distance_nonzero_fixed_point": 3.167088370143321,
      "w_min": -16.473424568651062,
      "w_max": 18.120552001066507,
      "t1_min": -21.503361106373514,
      "t1_max": 24.52493098523613,
      "t2_min": 0.382690300585508,
      "t2_max": 42.43733471559084
    },
    "30.0": {
      "final_state": [
        -13.512038182447988,
        -16.422669426827095,
        32.1580722009183
      ],
      "t1_mean_last_10_time_units": 3.1968371070317803,
      "t1_std_last_10_time_units": 8.923822220512127,
      "t2_std_last_10_time_units": 9.00758283742505,
      "tail_std_w": 7.5608369617695566,
      "tail_std_t1": 8.921262999745583,
      "tail_std_t2": 8.999012167587658,
      "min_distance_nonzero_fixed_point": 0.7186444421888102,
      "w_min": -17.548732994078772,
      "w_max": 20.76530079123645,
      "t1_min": -23.252764405930026,
      "t1_max": 29.483658277225537,
      "t2_min": 0.3903335471000875,
      "t2_max": 51.9978602690387
    }
  },
  "sensitivity_r30": {
    "divergence_time_norm_gt_1": 24.080000000000002,
    "divergence_time_norm_gt_5": 25.54,
    "final_distance": 52.64216883186468
  }
}