{
  "parameters": {
    "sigma": 10.0,
    "beta": 2.6666666666666665,
    "dt": 0.005,
    "t_stop": 50.0,
    "initial_condition": [
      1.0,
      1.0,
      1.0
    ],
    "perturbed_initial_condition": [
      1.001,
      1.0,
      1.0
    ]
  },
  "cases": {
    "2.0": {
      "final_state": [
        1.6329931618554558,
        1.632993161855458,
        1.0
      ],
      "x_mean_last_10_time_units": 1.6329931618554556,
      "x_std_last_10_time_units": 2.220446049250313e-16,
      "tail_std_x": 0.0,
      "tail_std_y": 6.661338147750939e-16,
      "tail_std_z": 0.0,
      "min_distance_nonzero_fixed_point": 7.084580093039168e-15,
      "x_min": 1.0,
      "x_max": 1.6892715426840357
    },
    "10.0": {
      "final_state": [
        4.898979485565765,
        4.89897948556557,
        8.999999999999924
      ],
      "x_mean_last_10_time_units": 4.8989794855681374,
      "x_std_last_10_time_units": 5.322856094071442e-11,
      "tail_std_x": 5.298206402773225e-11,
      "tail_std_y": 5.951686263043315e-11,
      "tail_std_z": 8.772549073719844e-11,
      "min_distance_nonzero_fixed_point": 9.362011462371548e-13,
      "x_min": 1.0,
      "x_max": 8.442833082888024
    },
    "24.0": {
      "final_state": [
        -13.10171981782439,
        -12.95198997196836,
        29.800343453785956
      ],
      "x_mean_last_10_time_units": -5.3906639427165635,
      "x_std_last_10_time_units": 4.958792724945799,
      "tail_std_x": 4.960027622633347,
      "tail_std_y": 5.974548074580803,
      "tail_std_z": 6.96129335360209,
      "min_distance_nonzero_fixed_point": 3.8787977678155285,
      "x_min": -14.34320853497776,
      "x_max": 17.39831989103227
    },
    "25.0": {
      "final_state": [
        -12.028870795647697,
        -9.407956387167086,
        31.729923212851894
      ],
      "x_mean_last_10_time_units": -3.4844475930109335,
      "x_std_last_10_time_units": 6.629774755156376,
      "tail_std_x": 6.630544470474378,
      "tail_std_y": 7.541507445398031,
      "tail_std_z": 7.418832576416852,
      "min_distance_nonzero_fixed_point": 3.471099768550062,
      "x_min": -16.526800879948944,
      "x_max": 17.95044772283952
    },
    "30.0": {
      "final_state": [
        -2.4289559818722015,
        2.9778844813973495,
        29.93175070748452
      ],
      "x_mean_last_10_time_units": -0.03769393639666679,
      "x_std_last_10_time_units": 8.29504645217159,
      "tail_std_x": 8.296598969028354,
      "tail_std_y": 9.588166659495664,
      "tail_std_z": 9.141509754878024,
      "min_distance_nonzero_fixed_point": 1.0405525667406839,
      "x_min": -18.513808751003893,
      "x_max": 20.6078628949622
    }
  },
  "sensitivity_r30": {
    "divergence_time_norm_gt_5": 20.830000000000002,
    "divergence_time_norm_gt_10": 20.91,
    "final_distance": 19.924143985794974
  }
}