{
  "parameters": {
    "Pr": 10.0,
    "b": 2.6666666666666665,
    "initial_condition": [
      0.0,
      0.5,
      0.5
    ],
    "perturbed_initial_condition": [
      0.0,
      0.5,
      0.50001
    ]
  },
  "initial_condition_sensitivity": {
    "time_gt_1": 24.080000000000002,
    "time_gt_5": 25.54,
    "time_gt_10": 25.62,
    "log_slope_10_20": 0.6086244143996725,
    "log_slope_20_24": 0.8785339190228476,
    "final_distance": 52.64216883186468,
    "max_delta_w": 34.61006350646136,
    "max_delta_t1": 45.90882752229717,
    "max_delta_t2": 39.214059898934025
  },
  "r_local_sensitivity": {
    "22.0": {
      "t1_std": 0.32957223600676977,
      "t2_std": 0.42011366310141907,
      "t1_range": 2.0565154905911855,
      "occupancy_positive_w": 0.0,
      "sign_changes_w": 0,
      "sign_changes_t1": 0
    },
    "22.25": {
      "t1_std": 0.3982565610167335,
      "t2_std": 0.5107867746565339,
      "t1_range": 2.3924458056370295,
      "occupancy_positive_w": 0.0,
      "sign_changes_w": 0,
      "sign_changes_t1": 0
    },
    "22.5": {
      "t1_std": 0.48362031551491746,
      "t2_std": 0.6252748054176548,
      "t1_range": 2.714228667699105,
      "occupancy_positive_w": 0.0,
      "sign_changes_w": 0,
      "sign_changes_t1": 0
    },
    "22.75": {
      "t1_std": 0.5968517217512063,
      "t2_std": 0.7646758787323049,
      "t1_range": 3.156575526279605,
      "occupancy_positive_w": 0.0,
      "sign_changes_w": 0,
      "sign_changes_t1": 0
    },
    "23.0": {
      "t1_std": 0.7416958957529168,
      "t2_std": 0.9469681605201218,
      "t1_range": 3.666093361634121,
      "occupancy_positive_w": 0.0,
      "sign_changes_w": 0,
      "sign_changes_t1": 0
    },
    "23.25": {
      "t1_std": 0.9309079242119844,
      "t2_std": 1.1960948277415664,
      "t1_range": 4.20821190870324,
      "occupancy_positive_w": 0.0,
      "sign_changes_w": 0,
      "sign_changes_t1": 0
    },
    "23.5": {
      "t1_std": 1.1987016589882857,
      "t2_std": 1.5426556522649124,
      "t1_range": 4.900214390113509,
      "occupancy_positive_w": 0.0,
      "sign_changes_w": 0,
      "sign_changes_t1": 0
    },
    "23.75": {
      "t1_std": 1.6137398208342133,
      "t2_std": 2.072786418474128,
      "t1_range": 5.719065648921273,
      "occupancy_positive_w": 0.0,
      "sign_changes_w": 0,
      "sign_changes_t1": 0
    },
    "24.0": {
      "t1_std": 2.464869100940549,
      "t2_std": 3.169784389174065,
      "t1_range": 7.581652626038605,
      "occupancy_positive_w": 0.0,
      "sign_changes_w": 0,
      "sign_changes_t1": 0
    },
    "24.25": {
      "t1_std": 6.856254073730768,
      "t2_std": 6.58515455302517,
      "t1_range": 40.90226598018452,
      "occupancy_positive_w": 0.1966338943509415,
      "sign_changes_w": 6,
      "sign_changes_t1": 14
    },
    "24.5": {
      "t1_std": 8.000337108974627,
      "t2_std": 7.339589114551771,
      "t1_range": 43.64240653129822,
      "occupancy_positive_w": 0.36010664889185134,
      "sign_changes_w": 9,
      "sign_changes_t1": 15
    },
    "24.75": {
      "t1_std": 8.2487495527747,
      "t2_std": 7.7304124966083085,
      "t1_range": 42.9865982931498,
      "occupancy_positive_w": 0.5012497917013831,
      "sign_changes_w": 13,
      "sign_changes_t1": 19
    },
    "25.0": {
      "t1_std": 8.24799974555353,
      "t2_std": 7.713949983793272,
      "t1_range": 44.45085681354283,
      "occupancy_positive_w": 0.4392601233127812,
      "sign_changes_w": 11,
      "sign_changes_t1": 17
    },
    "25.25": {
      "t1_std": 7.834386144144476,
      "t2_std": 7.860220682165404,
      "t1_range": 44.25129293068626,
      "occupancy_positive_w": 0.3282786202299617,
      "sign_changes_w": 11,
      "sign_changes_t1": 23
    },
    "25.5": {
      "t1_std": 7.767503433805393,
      "t2_std": 7.622095854583789,
      "t1_range": 43.33977217947027,
      "occupancy_positive_w": 0.7090484919180137,
      "sign_changes_w": 9,
      "sign_changes_t1": 21
    },
    "25.75": {
      "t1_std": 8.424190837521747,
      "t2_std": 8.5524065345278,
      "t1_range": 43.35297418987332,
      "occupancy_positive_w": 0.6113981003166139,
      "sign_changes_w": 22,
      "sign_changes_t1": 30
    },
    "26.0": {
      "t1_std": 8.436183182349309,
      "t2_std": 8.325297923579521,
      "t1_range": 45.40457689106664,
      "occupancy_positive_w": 0.4080986502249625,
      "sign_changes_w": 18,
      "sign_changes_t1": 29
    },
    "26.25": {
      "t1_std": 8.590439946782277,
      "t2_std": 8.345369956855132,
      "t1_range": 44.337420658123946,
      "occupancy_positive_w": 0.5359106815530745,
      "sign_changes_w": 15,
      "sign_changes_t1": 31
    },
    "26.5": {
      "t1_std": 8.73792124196217,
      "t2_std": 8.652561091135473,
      "t1_range": 43.15816166573008,
      "occupancy_positive_w": 0.4442592901183136,
      "sign_changes_w": 19,
      "sign_changes_t1": 34
    },
    "26.75": {
      "t1_std": 8.254328295500185,
      "t2_std": 8.364355865121787,
      "t1_range": 44.610074077127074,
      "occupancy_positive_w": 0.30578236960506583,
      "sign_changes_w": 15,
      "sign_changes_t1": 29
    },
    "27.0": {
      "t1_std": 8.533163510178639,
      "t2_std": 8.58822980960009,
      "t1_range": 44.25268339254376,
      "occupancy_positive_w": 0.6497250458256957,
      "sign_changes_w": 19,
      "sign_changes_t1": 31
    },
    "27.25": {
      "t1_std": 8.537798915597207,
      "t2_std": 8.439808305023146,
      "t1_range": 46.32796450150447,
      "occupancy_positive_w": 0.34527578736877185,
      "sign_changes_w": 18,
      "sign_changes_t1": 27
    },
    "27.5": {
      "t1_std": 8.92181465800669,
      "t2_std": 8.653101476692855,
      "t1_range": 46.25186869618072,
      "occupancy_positive_w": 0.4682552907848692,
      "sign_changes_w": 19,
      "sign_changes_t1": 27
    },
    "27.75": {
      "t1_std": 8.74506246530652,
      "t2_std": 8.539733909786776,
      "t1_range": 47.60039686422898,
      "occupancy_positive_w": 0.3871021496417264,
      "sign_changes_w": 16,
      "sign_changes_t1": 24
    },
    "28.0": {
      "t1_std": 8.989742060622488,
      "t2_std": 8.768571025927146,
      "t1_range": 45.93102452241982,
      "occupancy_positive_w": 0.506582236293951,
      "sign_changes_w": 20,
      "sign_changes_t1": 33
    }
  },
  "bifurcation": {
    "r_min": 0.0,
    "r_max": 40.0,
    "samples": 121
  },
  "dt_sensitivity": {
    "0.02": {
      "l2_error_t1": 0.007916135616885716,
      "linf_error_t1": 0.025962186694949096,
      "mean_t1_last20": 1.2409985479166468,
      "std_t1_last20": 9.30450512857323
    },
    "0.01": {
      "l2_error_t1": 0.00023803910121579573,
      "linf_error_t1": 0.0011470900625596414,
      "mean_t1_last20": -1.0427519642614766,
      "std_t1_last20": 9.362963861194304
    },
    "0.005": {
      "l2_error_t1": 8.058582192163541e-06,
      "linf_error_t1": 7.12790593233592e-05,
      "mean_t1_last20": -0.3092906262447842,
      "std_t1_last20": 9.455691151652815
    },
    "0.0025": {
      "l2_error_t1": 3.94396640892882e-07,
      "linf_error_t1": 4.174693583713918e-06,
      "mean_t1_last20": -1.37018802310321,
      "std_t1_last20": 9.35886198841669
    }
  },
  "transient_sensitivity": {
    "24.0": {
      "0": {
        "w_mean": -7.338370228711085,
        "t1_mean": -7.350011424934781,
        "t2_mean": 22.396399001104186,
        "w_std": 2.4872984876336774,
        "t1_std": 3.059591203359924,
        "t2_std": 3.725034551926519,
        "t1_range": 35.23112900920004,
        "occupancy_positive_w": 0.013998600139986002,
        "sign_changes_w": 1
      },
      "10": {
        "w_mean": -7.536916367559148,
        "t1_mean": -7.526092748813704,
        "t2_mean": 22.527767167450598,
        "w_std": 1.7791962343143957,
        "t1_std": 2.4289730215005494,
        "t2_std": 3.1307399717093456,
        "t1_range": 7.581652626038605,
        "occupancy_positive_w": 0.0,
        "sign_changes_w": 0
      },